{"w0": 0.5911051746376743, "w1": 0.41589877175502876, "w2": 0.4886833761083053, "w3": 0.4886833761083053}