{"w0": -0.38058961320121754, "w1": -0.4774502200685123, "w2": -0.4549444210422604, "w3": -0.6482425529401779}