{"w0": 0.4158987717550288, "w1": 0.48868337610830564, "w2": 0.591105174637674, "w3": 0.4886833761083054}